-- phpMyAdmin SQL Dump
-- version 5.1.0
-- https://www.phpmyadmin.net/
--
-- Host: 127.0.0.1
-- Generation Time: Jul 09, 2021 at 08:54 AM
-- Server version: 10.4.18-MariaDB
-- PHP Version: 8.0.3

SET SQL_MODE = "NO_AUTO_VALUE_ON_ZERO";
START TRANSACTION;
SET time_zone = "+00:00";


/*!40101 SET @OLD_CHARACTER_SET_CLIENT=@@CHARACTER_SET_CLIENT */;
/*!40101 SET @OLD_CHARACTER_SET_RESULTS=@@CHARACTER_SET_RESULTS */;
/*!40101 SET @OLD_COLLATION_CONNECTION=@@COLLATION_CONNECTION */;
/*!40101 SET NAMES utf8mb4 */;

--
-- Database: `laravel_ecommerce`
--

-- --------------------------------------------------------

--
-- Table structure for table `cart`
--

CREATE TABLE `cart` (
  `id` bigint(20) UNSIGNED NOT NULL,
  `product_id` int(11) NOT NULL,
  `user_id` int(11) NOT NULL,
  `created_at` timestamp NULL DEFAULT NULL,
  `updated_at` timestamp NULL DEFAULT NULL
) ENGINE=InnoDB DEFAULT CHARSET=utf8mb4 COLLATE=utf8mb4_unicode_ci;

-- --------------------------------------------------------

--
-- Table structure for table `migrations`
--

CREATE TABLE `migrations` (
  `id` int(10) UNSIGNED NOT NULL,
  `migration` varchar(255) COLLATE utf8mb4_unicode_ci NOT NULL,
  `batch` int(11) NOT NULL
) ENGINE=InnoDB DEFAULT CHARSET=utf8mb4 COLLATE=utf8mb4_unicode_ci;

--
-- Dumping data for table `migrations`
--

INSERT INTO `migrations` (`id`, `migration`, `batch`) VALUES
(1, '2021_07_08_050259_create_users_table', 1),
(2, '2021_07_08_064904_create_products_table', 2),
(3, '2021_07_08_093634_create_cart_table', 3),
(4, '2021_07_09_050747_create_orders_table', 4);

-- --------------------------------------------------------

--
-- Table structure for table `orders`
--

CREATE TABLE `orders` (
  `id` bigint(20) UNSIGNED NOT NULL,
  `product_id` int(11) NOT NULL,
  `user_id` int(11) NOT NULL,
  `status` varchar(255) COLLATE utf8mb4_unicode_ci NOT NULL,
  `payment_method` varchar(255) COLLATE utf8mb4_unicode_ci NOT NULL,
  `payment_status` varchar(255) COLLATE utf8mb4_unicode_ci NOT NULL,
  `address` varchar(255) COLLATE utf8mb4_unicode_ci NOT NULL,
  `created_at` timestamp NULL DEFAULT NULL,
  `updated_at` timestamp NULL DEFAULT NULL
) ENGINE=InnoDB DEFAULT CHARSET=utf8mb4 COLLATE=utf8mb4_unicode_ci;

--
-- Dumping data for table `orders`
--

INSERT INTO `orders` (`id`, `product_id`, `user_id`, `status`, `payment_method`, `payment_status`, `address`, `created_at`, `updated_at`) VALUES
(1, 6, 1, 'pending', 'cash', 'pending', 'Paldi', NULL, NULL),
(2, 8, 1, 'pending', 'cash', 'pending', 'Paldi', NULL, NULL),
(3, 5, 1, 'pending', 'cash', 'pending', 'Paldi', NULL, NULL),
(4, 6, 2, 'pending', 'cash', 'pending', 'Navarangpura', NULL, NULL),
(5, 8, 2, 'pending', 'cash', 'pending', 'Navarangpura', NULL, NULL),
(6, 6, 3, 'pending', 'cash', 'pending', 'Iscon', NULL, NULL);

-- --------------------------------------------------------

--
-- Table structure for table `products`
--

CREATE TABLE `products` (
  `id` bigint(20) UNSIGNED NOT NULL,
  `name` varchar(255) COLLATE utf8mb4_unicode_ci NOT NULL,
  `price` varchar(255) COLLATE utf8mb4_unicode_ci NOT NULL,
  `category` varchar(255) COLLATE utf8mb4_unicode_ci NOT NULL,
  `description` varchar(255) COLLATE utf8mb4_unicode_ci NOT NULL,
  `gallery` varchar(255) COLLATE utf8mb4_unicode_ci NOT NULL,
  `created_at` timestamp NULL DEFAULT NULL,
  `updated_at` timestamp NULL DEFAULT NULL
) ENGINE=InnoDB DEFAULT CHARSET=utf8mb4 COLLATE=utf8mb4_unicode_ci;

--
-- Dumping data for table `products`
--

INSERT INTO `products` (`id`, `name`, `price`, `category`, `description`, `gallery`, `created_at`, `updated_at`) VALUES
(5, 'Oppo mobile', '300', 'mobile', 'A smartphone with 8gb ram and much more feature', 'https://assetscdn1.paytm.com/images/catalog/product/M/MO/MOBOPPO-A52-6-GFUTU6297453D3D253C/1592019058170_0..png', NULL, NULL),
(6, 'Panasonic Tv', '400', 'tv', 'A smart tv with much more feature', 'https://i.gadgets360cdn.com/products/televisions/large/1548154685_832_panasonic_32-inch-lcd-full-hd-tv-th-l32u20.jpg', NULL, NULL),
(7, 'Soni Tv', '500', 'tv', 'A tv with much more feature', 'https://4.imimg.com/data4/PM/KH/MY-34794816/lcd-500x500.png', NULL, NULL),
(8, 'LG fridge', '200', 'fridge', 'A fridge with much more feature', 'https://encrypted-tbn0.gstatic.com/images?q=tbn%3AANd9GcTFx-2-wTOcfr5at01ojZWduXEm5cZ-sRYPJA&usqp=CAU', NULL, NULL),
(9, 'LG Mobile', '400', 'mobile', 'A smartphone with 8gb ram and much more feature', 'https://assetscdn1.paytm.com/images/catalog/product/M/MO/MOBOPPO-A52-6-GFUTU6297453D3D253C/1592019058170_0..png', NULL, NULL);

-- --------------------------------------------------------

--
-- Table structure for table `users`
--

CREATE TABLE `users` (
  `id` bigint(20) UNSIGNED NOT NULL,
  `name` varchar(255) COLLATE utf8mb4_unicode_ci NOT NULL,
  `email` varchar(255) COLLATE utf8mb4_unicode_ci NOT NULL,
  `password` varchar(255) COLLATE utf8mb4_unicode_ci NOT NULL,
  `created_at` timestamp NULL DEFAULT NULL,
  `updated_at` timestamp NULL DEFAULT NULL
) ENGINE=InnoDB DEFAULT CHARSET=utf8mb4 COLLATE=utf8mb4_unicode_ci;

--
-- Dumping data for table `users`
--

INSERT INTO `users` (`id`, `name`, `email`, `password`, `created_at`, `updated_at`) VALUES
(1, 'Kajal Jethava', 'kajaljethva2203@gmail.com', '$2y$10$VDxTssGV9dQ9TG/8mcbsA.pSb4H6o9GeMKua4KbUQJmN/lq2/r0wu', NULL, NULL),
(2, 'Kareena Vaghela', 'kareenavaghela@gmail.com', '$2y$10$dsqyXk198Pux4tldxDOLsumKQGD1g26yhR//.zghs..r4y31YZSLK', NULL, NULL),
(3, 'Anjani patel', 'a@gmail.com', '$2y$10$1QKOdfENgo0MrFN.khpE1OCVolIBEZQ3YU/7oqNiSkUi50jHoK2oC', '2021-07-09 01:16:50', '2021-07-09 01:16:50');

--
-- Indexes for dumped tables
--

--
-- Indexes for table `cart`
--
ALTER TABLE `cart`
  ADD PRIMARY KEY (`id`);

--
-- Indexes for table `migrations`
--
ALTER TABLE `migrations`
  ADD PRIMARY KEY (`id`);

--
-- Indexes for table `orders`
--
ALTER TABLE `orders`
  ADD PRIMARY KEY (`id`);

--
-- Indexes for table `products`
--
ALTER TABLE `products`
  ADD PRIMARY KEY (`id`);

--
-- Indexes for table `users`
--
ALTER TABLE `users`
  ADD PRIMARY KEY (`id`),
  ADD UNIQUE KEY `users_email_unique` (`email`);

--
-- AUTO_INCREMENT for dumped tables
--

--
-- AUTO_INCREMENT for table `cart`
--
ALTER TABLE `cart`
  MODIFY `id` bigint(20) UNSIGNED NOT NULL AUTO_INCREMENT, AUTO_INCREMENT=9;

--
-- AUTO_INCREMENT for table `migrations`
--
ALTER TABLE `migrations`
  MODIFY `id` int(10) UNSIGNED NOT NULL AUTO_INCREMENT, AUTO_INCREMENT=5;

--
-- AUTO_INCREMENT for table `orders`
--
ALTER TABLE `orders`
  MODIFY `id` bigint(20) UNSIGNED NOT NULL AUTO_INCREMENT, AUTO_INCREMENT=7;

--
-- AUTO_INCREMENT for table `products`
--
ALTER TABLE `products`
  MODIFY `id` bigint(20) UNSIGNED NOT NULL AUTO_INCREMENT, AUTO_INCREMENT=10;

--
-- AUTO_INCREMENT for table `users`
--
ALTER TABLE `users`
  MODIFY `id` bigint(20) UNSIGNED NOT NULL AUTO_INCREMENT, AUTO_INCREMENT=4;
COMMIT;

/*!40101 SET CHARACTER_SET_CLIENT=@OLD_CHARACTER_SET_CLIENT */;
/*!40101 SET CHARACTER_SET_RESULTS=@OLD_CHARACTER_SET_RESULTS */;
/*!40101 SET COLLATION_CONNECTION=@OLD_COLLATION_CONNECTION */;
